{"cameraMode":{"drawMode":0,"name":"Shaded","section":"Shading Mode"},"sceneLighting":false,"audioPlay":false,"sceneViewState":{"showFog":true,"showMaterialUpdate":true,"showSkybox":false,"showFlares":true,"showImageEffects":true,"showParticleSystems":true},"in2DMode":false,"pivot":{"x":0.02519230544567108,"y":-0.025191374123096467,"z":0.14740726351737977},"rotation":{"x":-0.08154129236936569,"y":0.8838908076286316,"z":-0.1679733842611313,"w":-0.4289649426937103},"size":1.3669235706329346,"orthographic":false}