{"cameraMode":{"drawMode":0,"name":"Shaded","section":"Shading Mode"},"sceneLighting":false,"audioPlay":false,"sceneViewState":{"showFog":true,"showMaterialUpdate":true,"showSkybox":false,"showFlares":true,"showImageEffects":true,"showParticleSystems":true},"in2DMode":false,"pivot":{"x":2.384185791015625e-7,"y":0.0009344629943370819,"z":0.0},"rotation":{"x":0.0255887471139431,"y":-0.877126157283783,"z":0.4772544205188751,"w":0.04715685173869133},"size":1.5719380378723145,"orthographic":false}