{"cameraMode":{"drawMode":0,"name":"Shaded","section":"Shading Mode"},"sceneLighting":false,"audioPlay":false,"sceneViewState":{"showFog":true,"showMaterialUpdate":true,"showSkybox":false,"showFlares":true,"showImageEffects":true,"showParticleSystems":true},"in2DMode":false,"pivot":{"x":-0.07336979359388352,"y":-0.01605696976184845,"z":0.019801631569862367},"rotation":{"x":0.15051420032978059,"y":-0.812204897403717,"z":0.2362353503704071,"w":0.5123802423477173},"size":0.10881775617599487,"orthographic":false}