{"cameraMode":{"drawMode":0,"name":"Shaded","section":"Shading Mode"},"sceneLighting":false,"audioPlay":false,"sceneViewState":{"showFog":true,"showMaterialUpdate":true,"showSkybox":false,"showFlares":true,"showImageEffects":true,"showParticleSystems":true},"in2DMode":false,"pivot":{"x":-0.004013396799564362,"y":0.008912883698940277,"z":0.02346038818359375},"rotation":{"x":-0.23282788693904878,"y":-0.4380822777748108,"z":0.11851458251476288,"w":-0.860192596912384},"size":0.3736264407634735,"orthographic":false}