{"cameraMode":{"drawMode":0,"name":"Shaded","section":"Shading Mode"},"sceneLighting":false,"audioPlay":false,"sceneViewState":{"showFog":true,"showMaterialUpdate":true,"showSkybox":false,"showFlares":true,"showImageEffects":true,"showParticleSystems":true},"in2DMode":false,"pivot":{"x":0.0,"y":-9.313225746154785e-9,"z":-1.4901161193847657e-8},"rotation":{"x":0.36441531777381899,"y":-0.2352176010608673,"z":0.09436856955289841,"w":0.8964599370956421},"size":0.12535494565963746,"orthographic":false}