{"cameraMode":{"drawMode":0,"name":"Shaded","section":"Shading Mode"},"sceneLighting":false,"audioPlay":false,"sceneViewState":{"showFog":true,"showMaterialUpdate":true,"showSkybox":false,"showFlares":true,"showImageEffects":true,"showParticleSystems":true},"in2DMode":false,"pivot":{"x":-0.21526241302490235,"y":-0.4189150333404541,"z":-0.15285754203796388},"rotation":{"x":0.09690715372562409,"y":-0.7785312533378601,"z":0.12190493941307068,"w":0.6085305213928223},"size":4.911104202270508,"orthographic":false}