{"cameraMode":{"drawMode":0,"name":"Shaded","section":"Shading Mode"},"sceneLighting":false,"audioPlay":false,"sceneViewState":{"showFog":true,"showMaterialUpdate":true,"showSkybox":false,"showFlares":true,"showImageEffects":true,"showParticleSystems":true},"in2DMode":false,"pivot":{"x":-3.509999990463257,"y":1.1100001335144044,"z":-0.019411921501159669},"rotation":{"x":-0.18541188538074494,"y":-0.26605913043022158,"z":0.052162494510412219,"w":-0.9445849657058716},"size":1.732050895690918,"orthographic":false}