{"cameraMode":{"drawMode":0,"name":"Shaded","section":"Shading Mode"},"sceneLighting":false,"audioPlay":false,"sceneViewState":{"showFog":true,"showMaterialUpdate":true,"showSkybox":false,"showFlares":true,"showImageEffects":true,"showParticleSystems":true},"in2DMode":false,"pivot":{"x":0.0031213387846946718,"y":1.1175870895385743e-8,"z":-0.0014363564550876618},"rotation":{"x":0.28493744134902956,"y":-0.56523597240448,"z":0.21490046381950379,"w":0.7441830039024353},"size":0.06634636223316193,"orthographic":false}