{"cameraMode":{"drawMode":0,"name":"Shaded","section":"Shading Mode"},"sceneLighting":false,"audioPlay":false,"sceneViewState":{"showFog":true,"showMaterialUpdate":true,"showSkybox":false,"showFlares":true,"showImageEffects":true,"showParticleSystems":true},"in2DMode":false,"pivot":{"x":0.0,"y":-0.003377482295036316,"z":-0.03250214457511902},"rotation":{"x":-0.0011322882492095233,"y":0.8946812152862549,"z":0.002442571334540844,"w":0.4468080699443817},"size":0.20153836905956269,"orthographic":false}