{"cameraMode":{"drawMode":0,"name":"Shaded","section":"Shading Mode"},"sceneLighting":true,"audioPlay":false,"sceneViewState":{"showFog":true,"showMaterialUpdate":true,"showSkybox":false,"showFlares":true,"showImageEffects":true,"showParticleSystems":true},"in2DMode":false,"pivot":{"x":-3.1499993801116945,"y":0.6550312638282776,"z":-0.07999968528747559},"rotation":{"x":0.021844588220119478,"y":0.9630156755447388,"z":-0.2574775218963623,"w":0.07913537323474884},"size":2.5162196159362795,"orthographic":false}