{"cameraMode":{"drawMode":0,"name":"Shaded","section":"Shading Mode"},"sceneLighting":false,"audioPlay":false,"sceneViewState":{"showFog":true,"showMaterialUpdate":true,"showSkybox":false,"showFlares":true,"showImageEffects":true,"showParticleSystems":true},"in2DMode":false,"pivot":{"x":-0.3858506977558136,"y":-1.25970458984375,"z":2.390098810195923},"rotation":{"x":0.13169272243976594,"y":-0.07256744801998139,"z":0.008577181026339531,"w":0.9889345169067383},"size":2.767949104309082,"orthographic":false}