{"cameraMode":{"drawMode":0,"name":"Shaded","section":"Shading Mode"},"sceneLighting":false,"audioPlay":false,"sceneViewState":{"showFog":true,"showMaterialUpdate":true,"showSkybox":false,"showFlares":true,"showImageEffects":true,"showParticleSystems":true},"in2DMode":false,"pivot":{"x":0.5821958184242249,"y":1.3766621351242066,"z":1.4139922857284547},"rotation":{"x":0.013172200880944729,"y":-0.9819102883338928,"z":0.06497279554605484,"w":0.17924462258815766},"size":0.8134049773216248,"orthographic":false}