{"cameraMode":{"drawMode":0,"name":"Shaded","section":"Shading Mode"},"sceneLighting":false,"audioPlay":false,"sceneViewState":{"showFog":true,"showMaterialUpdate":true,"showSkybox":false,"showFlares":true,"showImageEffects":true,"showParticleSystems":true},"in2DMode":false,"pivot":{"x":-0.0017576697282493115,"y":-0.0362125039100647,"z":-0.06259709596633911},"rotation":{"x":-0.013379959389567376,"y":-0.9089920520782471,"z":0.028854509815573694,"w":-0.4157193899154663},"size":0.39464253187179568,"orthographic":false}