{"cameraMode":{"drawMode":0,"name":"Shaded","section":"Shading Mode"},"sceneLighting":false,"audioPlay":false,"sceneViewState":{"showFog":true,"showMaterialUpdate":true,"showSkybox":false,"showFlares":true,"showImageEffects":true,"showParticleSystems":true},"in2DMode":false,"pivot":{"x":-0.4575932025909424,"y":1.0,"z":8.101320266723633},"rotation":{"x":-0.23567801713943482,"y":0.08651042729616165,"z":-0.02112901769578457,"w":-0.9680712223052979},"size":2.0310096740722658,"orthographic":false}