{"cameraMode":{"drawMode":0,"name":"Shaded","section":"Shading Mode"},"sceneLighting":false,"audioPlay":false,"sceneViewState":{"showFog":true,"showMaterialUpdate":true,"showSkybox":false,"showFlares":true,"showImageEffects":true,"showParticleSystems":true},"in2DMode":false,"pivot":{"x":-0.000852443277835846,"y":0.0008523594588041306,"z":0.0},"rotation":{"x":-0.0011322882492095233,"y":0.8946812152862549,"z":0.002442571334540844,"w":0.4468080699443817},"size":0.14989063143730164,"orthographic":false}