{"cameraMode":{"drawMode":0,"name":"Shaded","section":"Shading Mode"},"sceneLighting":false,"audioPlay":false,"sceneViewState":{"showFog":true,"showMaterialUpdate":true,"showSkybox":false,"showFlares":true,"showImageEffects":true,"showParticleSystems":true},"in2DMode":false,"pivot":{"x":3.0547380447387697e-7,"y":0.0460733063519001,"z":0.0},"rotation":{"x":0.28493744134902956,"y":-0.56523597240448,"z":0.21490046381950379,"w":0.7441830039024353},"size":0.061278801411390308,"orthographic":false}