{"cameraMode":{"drawMode":0,"name":"Shaded","section":"Shading Mode"},"sceneLighting":true,"audioPlay":false,"sceneViewState":{"showFog":true,"showMaterialUpdate":true,"showSkybox":true,"showFlares":true,"showImageEffects":true,"showParticleSystems":true},"in2DMode":false,"pivot":{"x":-6.482146739959717,"y":0.4460548162460327,"z":5.913975715637207},"rotation":{"x":0.03239046037197113,"y":-0.9654749035835266,"z":0.13711723685264588,"w":0.22067275643348695},"size":2.480379581451416,"orthographic":false}