{"cameraMode":{"drawMode":0,"name":"Shaded","section":"Shading Mode"},"sceneLighting":true,"audioPlay":false,"sceneViewState":{"showFog":true,"showMaterialUpdate":true,"showSkybox":true,"showFlares":true,"showImageEffects":true,"showParticleSystems":true},"in2DMode":false,"pivot":{"x":73.92533874511719,"y":587.2498168945313,"z":-0.775390625},"rotation":{"x":-0.06328073889017105,"y":-0.007266557775437832,"z":0.0011991782812401653,"w":-0.9983075261116028},"size":101.4722671508789,"orthographic":false}