{"cameraMode":{"drawMode":0,"name":"Shaded","section":"Shading Mode"},"sceneLighting":false,"audioPlay":false,"sceneViewState":{"showFog":true,"showMaterialUpdate":true,"showSkybox":false,"showFlares":true,"showImageEffects":true,"showParticleSystems":true},"in2DMode":false,"pivot":{"x":-3.2947206497192385,"y":-0.881842851638794,"z":-4.044100284576416},"rotation":{"x":0.05521254613995552,"y":-0.9425180554389954,"z":0.19678908586502076,"w":0.26486364006996157},"size":3.62699556350708,"orthographic":false}