{"cameraMode":{"drawMode":0,"name":"Shaded","section":"Shading Mode"},"sceneLighting":false,"audioPlay":false,"sceneViewState":{"showFog":true,"showMaterialUpdate":true,"showSkybox":false,"showFlares":true,"showImageEffects":true,"showParticleSystems":true},"in2DMode":false,"pivot":{"x":0.02354562282562256,"y":0.014672517776489258,"z":0.005207270383834839},"rotation":{"x":0.025849709287285806,"y":-0.4893210232257843,"z":-0.014600800350308419,"w":-0.8716557621955872},"size":0.44510871171951296,"orthographic":false}