{"cameraMode":{"drawMode":0,"name":"Shaded","section":"Shading Mode"},"sceneLighting":true,"audioPlay":false,"sceneViewState":{"showFog":true,"showMaterialUpdate":true,"showSkybox":false,"showFlares":true,"showImageEffects":true,"showParticleSystems":true},"in2DMode":false,"pivot":{"x":3.1000001430511476,"y":0.6550312638282776,"z":-0.07999968528747559},"rotation":{"x":0.15356215834617616,"y":0.8449549674987793,"z":-0.32676565647125246,"w":0.3951285779476166},"size":2.5162196159362795,"orthographic":false}