{"cameraMode":{"drawMode":0,"name":"Shaded","section":"Shading Mode"},"sceneLighting":false,"audioPlay":false,"sceneViewState":{"showFog":true,"showMaterialUpdate":true,"showSkybox":false,"showFlares":true,"showImageEffects":true,"showParticleSystems":true},"in2DMode":false,"pivot":{"x":-1.4901161193847657e-7,"y":-7.450580596923828e-9,"z":-1.862645149230957e-8},"rotation":{"x":0.28493744134902956,"y":-0.56523597240448,"z":0.21490046381950379,"w":0.7441830039024353},"size":0.11796683073043823,"orthographic":false}