{"cameraMode":{"drawMode":0,"name":"Shaded","section":"Shading Mode"},"sceneLighting":false,"audioPlay":false,"sceneViewState":{"showFog":true,"showMaterialUpdate":true,"showSkybox":false,"showFlares":true,"showImageEffects":true,"showParticleSystems":true},"in2DMode":false,"pivot":{"x":0.550000011920929,"y":1.0,"z":13.289999961853028},"rotation":{"x":-0.10659077763557434,"y":-0.017302576452493669,"z":0.001855196082033217,"w":-0.9941519498825073},"size":1.1874340772628785,"orthographic":false}