{"cameraMode":{"drawMode":0,"name":"Shaded","section":"Shading Mode"},"sceneLighting":false,"audioPlay":false,"sceneViewState":{"showFog":true,"showMaterialUpdate":true,"showSkybox":false,"showFlares":true,"showImageEffects":true,"showParticleSystems":true},"in2DMode":false,"pivot":{"x":2.2211382389068605,"y":0.40000003576278689,"z":3.2417187690734865},"rotation":{"x":0.0255887471139431,"y":-0.877126157283783,"z":0.4772544205188751,"w":0.04715685173869133},"size":2.031622886657715,"orthographic":false}