{"cameraMode":{"drawMode":0,"name":"Shaded","section":"Shading Mode"},"sceneLighting":false,"audioPlay":false,"sceneViewState":{"showFog":true,"showMaterialUpdate":true,"showSkybox":false,"showFlares":true,"showImageEffects":true,"showParticleSystems":true},"in2DMode":false,"pivot":{"x":0.0,"y":2.123744010925293,"z":1.8561549186706544},"rotation":{"x":0.3634378910064697,"y":0.25226378440856936,"z":-0.10322409123182297,"w":0.8911933898925781},"size":6.969107151031494,"orthographic":false}