{"cameraMode":{"drawMode":0,"name":"Shaded","section":"Shading Mode"},"sceneLighting":false,"audioPlay":false,"sceneViewState":{"showFog":true,"showMaterialUpdate":true,"showSkybox":false,"showFlares":true,"showImageEffects":true,"showParticleSystems":true},"in2DMode":false,"pivot":{"x":6.186642646789551,"y":2.611009120941162,"z":1.9628547430038453},"rotation":{"x":0.0255887471139431,"y":-0.877126157283783,"z":0.4772544205188751,"w":0.04715685173869133},"size":2.759289503097534,"orthographic":false}