{"cameraMode":{"drawMode":0,"name":"Shaded","section":"Shading Mode"},"sceneLighting":false,"audioPlay":false,"sceneViewState":{"showFog":true,"showMaterialUpdate":true,"showSkybox":false,"showFlares":true,"showImageEffects":true,"showParticleSystems":true},"in2DMode":false,"pivot":{"x":2.162384033203125,"y":-4.373485088348389,"z":1.2383575439453126},"rotation":{"x":-0.12399875372648239,"y":-0.8615938425064087,"z":0.2526855766773224,"w":-0.4225617051124573},"size":19.08444595336914,"orthographic":false}