{"cameraMode":{"drawMode":0,"name":"Shaded","section":"Shading Mode"},"sceneLighting":false,"audioPlay":false,"sceneViewState":{"showFog":true,"showMaterialUpdate":true,"showSkybox":false,"showFlares":true,"showImageEffects":true,"showParticleSystems":true},"in2DMode":false,"pivot":{"x":-0.2828984260559082,"y":6.872501373291016,"z":-3.450000762939453},"rotation":{"x":0.005767359398305416,"y":-0.9929788708686829,"z":0.0554797425866127,"w":0.10432755947113037},"size":6.372513294219971,"orthographic":false}