{"cameraMode":{"drawMode":0,"name":"Shaded","section":"Shading Mode"},"sceneLighting":false,"audioPlay":false,"sceneViewState":{"showFog":true,"showMaterialUpdate":true,"showSkybox":false,"showFlares":true,"showImageEffects":true,"showParticleSystems":true},"in2DMode":false,"pivot":{"x":-0.07969055324792862,"y":-0.11707650125026703,"z":-1.1610949039459229},"rotation":{"x":0.1004483699798584,"y":-0.1940644234418869,"z":0.018688315525650979,"w":0.9759979844093323},"size":0.09592819213867188,"orthographic":false}