{"cameraMode":{"drawMode":0,"name":"Shaded","section":"Shading Mode"},"sceneLighting":false,"audioPlay":false,"sceneViewState":{"showFog":true,"showMaterialUpdate":true,"showSkybox":false,"showFlares":true,"showImageEffects":true,"showParticleSystems":true},"in2DMode":false,"pivot":{"x":0.3375244140625,"y":1.8000001907348633,"z":-2.384185791015625e-7},"rotation":{"x":0.17974035441875459,"y":0.6038016080856323,"z":-0.14241382479667664,"w":0.7638327479362488},"size":5.820684432983398,"orthographic":false}