{"cameraMode":{"drawMode":0,"name":"Shaded","section":"Shading Mode"},"sceneLighting":false,"audioPlay":false,"sceneViewState":{"showFog":true,"showMaterialUpdate":true,"showSkybox":false,"showFlares":true,"showImageEffects":true,"showParticleSystems":true},"in2DMode":false,"pivot":{"x":-0.012338194996118546,"y":0.0073531195521354679,"z":-0.03491436690092087},"rotation":{"x":0.40426334738731387,"y":-0.4245850145816803,"z":0.21852432191371919,"w":0.7805240154266357},"size":0.04812747240066528,"orthographic":false}