{"cameraMode":{"drawMode":0,"name":"Shaded","section":"Shading Mode"},"sceneLighting":false,"audioPlay":false,"sceneViewState":{"showFog":true,"showMaterialUpdate":true,"showSkybox":false,"showFlares":true,"showImageEffects":true,"showParticleSystems":true},"in2DMode":false,"pivot":{"x":0.0,"y":-0.03807419538497925,"z":-0.08104658126831055},"rotation":{"x":-0.23282788693904878,"y":-0.4380822777748108,"z":0.11851458251476288,"w":-0.860192596912384},"size":0.6266785860061646,"orthographic":false}