{"cameraMode":{"drawMode":0,"name":"Shaded","section":"Shading Mode"},"sceneLighting":false,"audioPlay":false,"sceneViewState":{"showFog":true,"showMaterialUpdate":true,"showSkybox":false,"showFlares":true,"showImageEffects":true,"showParticleSystems":true},"in2DMode":false,"pivot":{"x":-2.549999952316284,"y":0.8704301118850708,"z":0.3860706090927124},"rotation":{"x":-0.18541188538074494,"y":-0.26605913043022158,"z":0.052162494510412219,"w":-0.9445849657058716},"size":1.7320507764816285,"orthographic":false}