{"cameraMode":{"drawMode":0,"name":"Shaded","section":"Shading Mode"},"sceneLighting":false,"audioPlay":false,"sceneViewState":{"showFog":true,"showMaterialUpdate":true,"showSkybox":false,"showFlares":true,"showImageEffects":true,"showParticleSystems":true},"in2DMode":false,"pivot":{"x":0.0,"y":0.6533167362213135,"z":-0.02211141586303711},"rotation":{"x":-0.4837438762187958,"y":0.2120935171842575,"z":-0.1220661848783493,"w":-0.8403613567352295},"size":1.7612183094024659,"orthographic":false}