{"cameraMode":{"drawMode":0,"name":"Shaded","section":"Shading Mode"},"sceneLighting":false,"audioPlay":false,"sceneViewState":{"showFog":true,"showMaterialUpdate":true,"showSkybox":false,"showFlares":true,"showImageEffects":true,"showParticleSystems":true},"in2DMode":false,"pivot":{"x":0.016113147139549257,"y":3.725290298461914e-9,"z":-0.01623399183154106},"rotation":{"x":-0.1676984429359436,"y":-0.4829636812210083,"z":0.09474027901887894,"w":-0.8542681932449341},"size":0.025980710983276368,"orthographic":false}