{"cameraMode":{"drawMode":0,"name":"Shaded","section":"Shading Mode"},"sceneLighting":false,"audioPlay":false,"sceneViewState":{"showFog":true,"showMaterialUpdate":true,"showSkybox":false,"showFlares":true,"showImageEffects":true,"showParticleSystems":true},"in2DMode":false,"pivot":{"x":1.2727887630462647,"y":2.013154983520508,"z":-2.279670238494873},"rotation":{"x":0.0255887471139431,"y":-0.877126157283783,"z":0.4772544205188751,"w":0.04715685173869133},"size":2.122551679611206,"orthographic":false}