{"cameraMode":{"drawMode":0,"name":"Shaded","section":"Shading Mode"},"sceneLighting":false,"audioPlay":false,"sceneViewState":{"showFog":true,"showMaterialUpdate":true,"showSkybox":false,"showFlares":true,"showImageEffects":true,"showParticleSystems":true},"in2DMode":false,"pivot":{"x":-0.4660387635231018,"y":-0.8351526260375977,"z":0.5942456722259522},"rotation":{"x":0.36441531777381899,"y":-0.2352176010608673,"z":0.09436856955289841,"w":0.8964599370956421},"size":0.7961739897727966,"orthographic":false}