{"cameraMode":{"drawMode":0,"name":"Shaded","section":"Shading Mode"},"sceneLighting":false,"audioPlay":false,"sceneViewState":{"showFog":true,"showMaterialUpdate":true,"showSkybox":false,"showFlares":true,"showImageEffects":true,"showParticleSystems":true},"in2DMode":false,"pivot":{"x":-0.32894718647003176,"y":0.49993693828582766,"z":0.791114091873169},"rotation":{"x":0.1321302354335785,"y":-0.7724142074584961,"z":0.1710052490234375,"w":0.5973315834999085},"size":2.2639224529266359,"orthographic":false}