{"cameraMode":{"drawMode":0,"name":"Shaded","section":"Shading Mode"},"sceneLighting":false,"audioPlay":false,"sceneViewState":{"showFog":true,"showMaterialUpdate":true,"showSkybox":false,"showFlares":true,"showImageEffects":true,"showParticleSystems":true},"in2DMode":false,"pivot":{"x":0.40273767709732058,"y":0.022753208875656129,"z":-0.6064744591712952},"rotation":{"x":-0.04671860486268997,"y":-0.9147533178329468,"z":0.11056061834096909,"w":-0.38593748211860659},"size":1.052621603012085,"orthographic":false}