{"cameraMode":{"drawMode":0,"name":"Shaded","section":"Shading Mode"},"sceneLighting":false,"audioPlay":false,"sceneViewState":{"showFog":true,"showMaterialUpdate":true,"showSkybox":false,"showFlares":true,"showImageEffects":true,"showParticleSystems":true},"in2DMode":false,"pivot":{"x":0.13973936438560487,"y":0.441837877035141,"z":0.18107056617736817},"rotation":{"x":-0.27391231060028078,"y":-0.14648722112178803,"z":0.04224368557333946,"w":-0.9496622085571289},"size":1.7320506572723389,"orthographic":false}