{"cameraMode":{"drawMode":0,"name":"Shaded","section":"Shading Mode"},"sceneLighting":false,"audioPlay":false,"sceneViewState":{"showFog":true,"showMaterialUpdate":true,"showSkybox":false,"showFlares":true,"showImageEffects":true,"showParticleSystems":true},"in2DMode":false,"pivot":{"x":0.14972138404846192,"y":0.8408219218254089,"z":-0.11658388376235962},"rotation":{"x":-0.10190846771001816,"y":0.8820953369140625,"z":-0.40220004320144656,"w":-0.2234143614768982},"size":10.0,"orthographic":false}