{"cameraMode":{"drawMode":0,"name":"Shaded","section":"Shading Mode"},"sceneLighting":false,"audioPlay":false,"sceneViewState":{"showFog":true,"showMaterialUpdate":true,"showSkybox":false,"showFlares":true,"showImageEffects":true,"showParticleSystems":true},"in2DMode":false,"pivot":{"x":-1.7710000276565552,"y":1.0,"z":-1.25600004196167},"rotation":{"x":-0.18541188538074494,"y":-0.26605913043022158,"z":0.052162494510412219,"w":-0.9445849657058716},"size":1.7320507764816285,"orthographic":false}