{"cameraMode":{"drawMode":0,"name":"Shaded","section":"Shading Mode"},"sceneLighting":false,"audioPlay":false,"sceneViewState":{"showFog":true,"showMaterialUpdate":true,"showSkybox":false,"showFlares":true,"showImageEffects":true,"showParticleSystems":true},"in2DMode":false,"pivot":{"x":5.21540641784668e-8,"y":0.0030397623777389528,"z":-0.003649994730949402},"rotation":{"x":-0.0011322882492095233,"y":0.8946812152862549,"z":0.002442571334540844,"w":0.4468080699443817},"size":0.09910722076892853,"orthographic":false}